<?xml version="1.0" encoding="windows-1252"?>
<Collection name="Directories" guid="{E485F1EE-C8A9-4A6D-AD8E-C6D05C0D7206}" system="No" updatable="Yes" blockNavigatorNode="No">
	<HelpLink>http://wiki.kmacloud.net/index.php?title=Group_Directory</HelpLink>
	<Help></Help>
	<Addon name="Group Directory" guid="{A04B8F18-9D72-4F3B-98A4-9EE12118A379}" type="Add-on">
		<Copy></Copy>
		<CopyText></CopyText>
		<ActiveXProgramID></ActiveXProgramID>
		<DotNetClass><![CDATA[Contensive.Addons.Directories.groupDirectoryClass]]></DotNetClass>
		<ArgumentList><![CDATA[Group=[ListId(Groups)]]]></ArgumentList>
		<AsAjax>No</AsAjax>
		<Filter>No</Filter>
		<Help></Help>
		<HelpLink></HelpLink>
		<Icon Link="" width="0" height="0" sprites="0" />
		<InIframe>No</InIframe>
		<BlockEditTools>No</BlockEditTools>
		<FormXML></FormXML>
		<IncludeAddon name="Fancy Box" guid="{24C2DBCF-3D84-44B6-A5F7-C2DE7EFCCE3D}"/>
		<IsInline>No</IsInline>
		<JavascriptOnLoad></JavascriptOnLoad>
		<JavascriptInHead><![CDATA[$(document).ready(function() {
  //
  var rowCount = $(listData.listData).size() - 1;
  var newRow = '';
  var useRow = $('#directoryList li:first').html();
  var detailsRow = $('#directoryDetails li:first').html();
  var clickIndex = '';
  var imageWrapper;
  var imgSrc;
  //
  var outPut = $("#directoryContainer").html().replace('$GroupName$',listData.groupName);
  $("#directoryContainer").html(outPut);
  //
	$('#directoryList').html('');
	$(listData.listData).each(function(index) {
		if(listData.listData[index].image){
			imgSrc = listData.listData[index].image;
		} else {
			imgSrc = '/directories/spacer.gif';
		}
		newRow = '<li id="directoryRow_' + index + '">' + useRow + '</li>';
		newRow = newRow.replace('$Name$', listData.listData[index].name);
		newRow = newRow.replace('$Company$', listData.listData[index].company);
		newRow = newRow.replace('$imgSrc$', imgSrc);
		newRow = newRow.replace('detailsBox_', 'detailsBox_' + index);
    //newRow = newRow + '<li id="directoryRow_' + index + '">' + useRow.replace('$Name$', listData.listData[index].name).replace('$Company$', listData.listData[index].company).replace('imageWrapper_', 'imageWrapper_' + index).replace('detailsBox_', 'detailsBox_' + index) + '</li>';
	$('#directoryList').append(newRow);
  });
  //
  //$('#directoryList').html(newRow);
  //
  //
  $(listData.listData).each(function(index) {
    if (index != rowCount) {
      $('#directoryRow_' + index).css('border-bottom', '0');
    }
	//imageWrapper = $('#imageWrapper_' + index);
	//imageWrapper.css('background-image', 'url(' + listData.listData[index].image + ')');
    if (index%2 == 0){
      $('#directoryRow_' + index).addClass('directoryRowLight');
    }
    else
    {
      $('#directoryRow_' + index).addClass('directoryRowDark');
    }
  });

  $('.detailsLink').fancybox({
    'transitionIn':'fade',
    'transitionOut':'fade',
    'overlayOpacity':'.6',
    'overlayColor':'#000000'
  });

  $('.detailsLink').click(function(event){
    clickIndex = event.target.id;
    clickIndex = clickIndex.replace('detailsBox_','')
    //
    //detailsRow = '<li>' + detailsRow.replace('$Name$', listData.listData[clickIndex].name).replace('$Company$', listData.listData[clickIndex].company).replace('$Email$', listData.listData[clickIndex].email) + '</li>';
    //
    detailsRow = '<li>' + detailsRow + '</li>'
    $('#directoryDetails').html(detailsRow);
    //
    $('#detailsName').html(listData.listData[clickIndex].name);
    $('#detailsCompany').html(listData.listData[clickIndex].company);
    $('#detailsEmail').html(listData.listData[clickIndex].email);
    $('#detailsBio').html(listData.listData[clickIndex].bio);
    $('#imageWrapper').css('background-image', 'url(' + listData.listData[clickIndex].image + ')');
  });
  jQuery('#directoryContainer').show();
});]]></JavascriptInHead>
		<JavascriptBodyEnd></JavascriptBodyEnd>
		<MetaDescription></MetaDescription>
		<OtherHeadTags></OtherHeadTags>
		<Content>Yes</Content>
		<Template>No</Template>
		<Email>No</Email>
		<Admin>No</Admin>
		<OnPageEndEvent>No</OnPageEndEvent>
		<OnPageStartEvent>No</OnPageStartEvent>
		<OnBodyStart>No</OnBodyStart>
		<OnBodyEnd>No</OnBodyEnd>
		<RemoteMethod>No</RemoteMethod>
		<ProcessRunOnce>No</ProcessRunOnce>
		<ProcessInterval>0</ProcessInterval>
		<PageTitle></PageTitle>
		<RemoteAssetLink></RemoteAssetLink>
		<Styles><![CDATA[ul.directoryList {list-style: none outside none; padding: 0; margin: 0;}

ul.directoryList li {
    padding: 10px;
    /* height: 58px; */
    border: 1px solid black;
    min-height: 80px;
}

ul.directoryList li div.imageContainer {float: right; padding: 2px; border: 1px solid #CCCCCC;}
ul.directoryList li div.imageWrapper {background: center no-repeat url(/images/anon.png); background-size: cover;}
ul.directoryList li img {width: 50px; height: 50px;}

ul.directoryList li p.name {margin: 0; padding: 0;}
ul.directoryList li p.company {margin: 0; padding: 0;}

.directoryRowDark {background-color: #CCCCCC;}
.directoryRowLight {background-color: #FFFFFF;}

.detailsContainer {width: 600px; height: 200px; padding: 10px; border: 1px solid #CCCCCC;}
.detailsWrapper {display: none;}

ul.directoryDetails {list-style: none outside none; padding: 0; margin: 0;}
ul.directoryDetails li div.imageContainer {float: right; margin: 0 0 10px 10px; padding: 2px; border: 1px solid #CCCCCC;}
ul.directoryDetails li div.imageWrapper {background: center no-repeat url(/images/anon.png); background-size: cover;}
ul.directoryDetails li img {width: 100px; height: 100px;}

ul.directoryDetails li p.name {margin: 0; padding: 0;}
ul.directoryDetails li p.company {margin: 0; padding: 0;}
ul.directoryDetails li p.email {margin: 0; padding: 0;}
ul.directoryDetails li div.bio {margin: 0; padding: 15px 0 0 0;}]]></Styles>
		<Scripting Language="" EntryPoint="" Timeout="5000"/>
	</Addon>
	<data>
		<record content="layouts" guid="{0F095379-4B6F-4482-A8B3-35733349A00C}" name="Directories, Group Directory">
			<field name="ACTIVE">True</field>
			<field name="SORTORDER"></field>
			<field name="Layout"><![CDATA[<div id="directoryContainer" class="directoryContainer" style="display:none;">
  <h1>$GroupName$</h1>
  <ul id="directoryList" class="directoryList">
    <li>
     <div class="imageContainer">
      <div id="imageWrapper_" class="imageWrapper"><img src="$imgSrc$"></div>
     </div>
     <p class="name"><a class="detailsLink" id="detailsBox_" href="#detailsContainer">$Name$</a></p>
     <p class="company">$Company$</p>
    </li>
  </ul>
</div>
       
<div  class="detailsWrapper">
  <div class="detailsContainer" id="detailsContainer">
    <ul id="directoryDetails" class="directoryDetails">
      <li>
      <div class="imageContainer">
      <div id="imageWrapper" class="imageWrapper"><img src="/images/spacer.gif"></div>
     </div>
     <p id="detailsName" class="name"></p>
     <p id="detailsCompany" class="company"></p>
     <p id="detailsEmail" class="email"></p>
     <div id="detailsBio" class="bio"></div>
    </li>
  </div>
</div>]]></field>
			<field name="StylesFilename"></field>
		</record>
	</data>
	<Resource name="spacer.gif" type="www" path="/directories" />
	<Resource name="addontemplatevb.dll" type="executable" path="" />
</Collection>